<epub>
	<parameters>
		<span_attribute value="font-weight : "/>
		<span_attribute value="font-style : "/>
		<span_attribute value="font-color : "/>
		<span_attribute value="color :"/>
		<span_attribute value="font-variant : "/>
		<span_attribute value="vertical-align : "/>
	</parameters>
	<global>
		<entity_file path="c:\santosh\clineup\epub_indesign_clineup\entity\entity.ini">
	</global>
	<asset id="App1">
		<input_path value="c:\santosh\clineup\epub_indesign_clineup\source\ch01">
		<input_file value="MTPL0186_Appendix_1.html">
		<input_css value="template.css">
		<outpur_path value="c:\santosh\clineup\epub_indesign_clineup\out\App1">
	</asset>
	<asset id="App3">
		<input_path value="c:\santosh\clineup\epub_indesign_clineup\source\ch01">
		<input_file value="MTPL0186_Appendix_2.html">
		<input_css value="template.css">
		<outpur_path value="c:\santosh\clineup\epub_indesign_clineup\out\App3">
	</asset>
	<asset id="App4">
		<input_path value="c:\santosh\clineup\epub_indesign_clineup\source\ch01">
		<input_file value="MTPL0186_Appendix_3.html">
		<input_css value="template.css">
		<outpur_path value="c:\santosh\clineup\epub_indesign_clineup\out\App4">
	</asset>
	<asset id="App5">
		<input_path value="c:\santosh\clineup\epub_indesign_clineup\source\ch01">
		<input_file value="MTPL0186_Appendix_5.html">
		<input_css value="template.css">
		<outpur_path value="c:\santosh\clineup\epub_indesign_clineup\out\App5">
	</asset>
	<asset id="App6">
		<input_path value="c:\santosh\clineup\epub_indesign_clineup\source\ch01">
		<input_file value="MTPL0186_Appendix_6.html">
		<input_css value="template.css">
		<outpur_path value="c:\santosh\clineup\epub_indesign_clineup\out\App6">
	</asset>
	<asset id="App7">
		<input_path value="c:\santosh\clineup\epub_indesign_clineup\source\App7">
		<input_file value="MTPL0186_Appendix_7.html">
		<input_css value="template.css">
		<outpur_path value="c:\santosh\clineup\epub_indesign_clineup\out\ch01">
	</asset>
	<asset id="ch01">
		<input_path value="c:\santosh\clineup\epub_indesign_clineup\source\ch01">
		<input_file value="MTPL0186_Chapter 01.xhtml">
		<input_css value="template.css">
		<outpur_path value="c:\santosh\clineup\epub_indesign_clineup\out\ch01">
	</asset>
	<asset id="ch02">
		<input_path value="c:\santosh\clineup\epub_indesign_clineup\source\ch02">
		<input_file value="MTPL0186_Chapter 02.xhtml">
		<input_css value="template.css">
		<outpur_path value="c:\santosh\clineup\epub_indesign_clineup\out\ch02">
	</asset>
	<asset id="ch03">
		<input_path value="c:\santosh\clineup\epub_indesign_clineup\source\ch03">
		<input_file value="MTPL0186_Chapter 03.xhtml">
		<input_css value="template.css">
		<outpur_path value="c:\santosh\clineup\epub_indesign_clineup\out\ch03">
	</asset>
	<asset id="ch04">
		<input_path value="c:\santosh\clineup\epub_indesign_clineup\source\ch04">
		<input_file value="MTPL0186_Chapter 04.xhtml">
		<input_css value="template.css">
		<outpur_path value="c:\santosh\clineup\epub_indesign_clineup\out\ch04">
	</asset>
	<asset id="ch05">
		<input_path value="c:\santosh\clineup\epub_indesign_clineup\source\ch05">
		<input_file value="MTPL0186_Chapter 05.xhtml">
		<input_css value="template.css">
		<outpur_path value="c:\santosh\clineup\epub_indesign_clineup\out\ch05">
	</asset>
	<asset id="ch06">
		<input_path value="c:\santosh\clineup\epub_indesign_clineup\source\ch06">
		<input_file value="MTPL0186_Chapter 06.xhtml">
		<input_css value="template.css">
		<outpur_path value="c:\santosh\clineup\epub_indesign_clineup\out\ch06">
	</asset>
	<asset id="ch07">
		<input_path value="c:\santosh\clineup\epub_indesign_clineup\source\ch07">
		<input_file value="MTPL0186_Chapter 07.xhtml">
		<input_css value="template.css">
		<outpur_path value="c:\santosh\clineup\epub_indesign_clineup\out\ch07">
	</asset>
	<asset id="ch08">
		<input_path value="c:\santosh\clineup\epub_indesign_clineup\source\ch08">
		<input_file value="MTPL0186_Chapter 08.xhtml">
		<input_css value="template.css">
		<outpur_path value="c:\santosh\clineup\epub_indesign_clineup\out\ch08">
	</asset>
	<asset id="ch09">
		<input_path value="c:\santosh\clineup\epub_indesign_clineup\source\ch09">
		<input_file value="MTPL0186_Chapter 09.xhtml">
		<input_css value="template.css">
		<outpur_path value="c:\santosh\clineup\epub_indesign_clineup\out\ch09">
	</asset>
	<asset id="ch10">
		<input_path value="c:\santosh\clineup\epub_indesign_clineup\source\ch10">
		<input_file value="MTPL0186_Chapter 10.xhtml">
		<input_css value="template.css">
		<outpur_path value="c:\santosh\clineup\epub_indesign_clineup\out\ch10">
	</asset>
	<asset id="ch11">
		<input_path value="c:\santosh\clineup\epub_indesign_clineup\source\ch11">
		<input_file value="MTPL0186_Chapter 11.xhtml">
		<input_css value="template.css">
		<outpur_path value="c:\santosh\clineup\epub_indesign_clineup\out\ch11">
	</asset>
	<asset id="ch12">
		<input_path value="c:\santosh\clineup\epub_indesign_clineup\source\ch12">
		<input_file value="MTPL0186_Chapter 12.xhtml">
		<input_css value="template.css">
		<outpur_path value="c:\santosh\clineup\epub_indesign_clineup\out\ch12">
	</asset>
	<asset id="ch13">
		<input_path value="c:\santosh\clineup\epub_indesign_clineup\source\ch13">
		<input_file value="MTPL0186_Chapter 13.xhtml">
		<input_css value="template.css">
		<outpur_path value="c:\santosh\clineup\epub_indesign_clineup\out\ch13">
	</asset>
	<asset id="ch14">
		<input_path value="c:\santosh\clineup\epub_indesign_clineup\source\ch14">
		<input_file value="MTPL0186_Chapter 14.xhtml">
		<input_css value="template.css">
		<outpur_path value="c:\santosh\clineup\epub_indesign_clineup\out\ch14">
	</asset>
</epub>