<epub>
	<parameters>
		<span_attribute value="font-weight :"/>
		<span_attribute value="text-transform :"/>
		<span_attribute value="font-style :"/>
		<span_attribute value="font-color :"/>
		<span_attribute value="font-sravanthi :"/>
		<span_attribute value="color :"/>
		<span_attribute value="font-variant :"/>
		<span_attribute value="vertical-align :"/>
	</parameters>
	<global>
		<entity_file path="c:\inde_Cle_up_tool\santhosh\clineup\epub_indesign_clineup\entity\entity.ini">
	</global>
	<asset id="Ch01">
		<input_path value="d:\Thakur\July\Sage\Dataextrac\July\12\sgi196\sgi196_epub\01_Roy~Moodley_Chapter_01\oebps">
		<input_file value="01_Roy_Moodley_Chapter_01.xhtml">
		<input_css value="idGeneratedStyles.css">
		<outpur_path value="d:\Thakur\July\Sage\Dataextrac\July\12\sgi196">
	</asset>
	<asset id="Ch02">
		<input_path value="d:\Thakur\July\Sage\Dataextrac\July\12\sgi196\sgi196_epub\01_Roy~Moodley_Chapter_02\oebps">
		<input_file value="02_Roy_Moodley_Chapter_02.xhtml">
		<input_css value="idGeneratedStyles.css">
		<outpur_path value="d:\Thakur\July\Sage\Dataextrac\July\12\sgi196">
	</asset>
	<asset id="Ch03">
		<input_path value="d:\Thakur\July\Sage\Dataextrac\July\12\sgi196\sgi196_epub\01_Roy~Moodley_Chapter_03\oebps">
		<input_file value="03_Roy_Moodley_Chapter_03.xhtml">
		<input_css value="idGeneratedStyles.css">
		<outpur_path value="d:\Thakur\July\Sage\Dataextrac\July\12\sgi196">
	</asset>
	<asset id="Ch04">
		<input_path value="d:\Thakur\July\Sage\Dataextrac\July\12\sgi196\sgi196_epub\01_Roy~Moodley_Chapter_04\oebps">
		<input_file value="04_Roy_Moodley_Chapter_04.xhtml">
		<input_css value="idGeneratedStyles.css">
		<outpur_path value="d:\Thakur\July\Sage\Dataextrac\July\12\sgi196">
	</asset>
	<asset id="Ch05">
		<input_path value="d:\Thakur\July\Sage\Dataextrac\July\12\sgi196\sgi196_epub\01_Roy~Moodley_Chapter_05\oebps">
		<input_file value="05_Roy_Moodley_Chapter_05.xhtml">
		<input_css value="idGeneratedStyles.css">
		<outpur_path value="d:\Thakur\July\Sage\Dataextrac\July\12\sgi196">
	</asset>
	<asset id="Ch06">
		<input_path value="d:\Thakur\July\Sage\Dataextrac\July\12\sgi196\sgi196_epub\01_Roy~Moodley_Chapter_06\oebps">
		<input_file value="06_Roy_Moodley_Chapter_06.xhtml">
		<input_css value="idGeneratedStyles.css">
		<outpur_path value="d:\Thakur\July\Sage\Dataextrac\July\12\sgi196">
	</asset>
	<asset id="Ch07">
		<input_path value="d:\Thakur\July\Sage\Dataextrac\July\12\sgi196\sgi196_epub\01_Roy~Moodley_Chapter_07\oebps">
		<input_file value="07_Roy_Moodley_Chapter_07.xhtml">
		<input_css value="idGeneratedStyles.css">
		<outpur_path value="d:\Thakur\July\Sage\Dataextrac\July\12\sgi196">
	</asset>
	<asset id="Ch08">
		<input_path value="d:\Thakur\July\Sage\Dataextrac\July\12\sgi196\sgi196_epub\01_Roy~Moodley_Chapter_08\oebps">
		<input_file value="08_Roy_Moodley_Chapter_08.xhtml">
		<input_css value="idGeneratedStyles.css">
		<outpur_path value="d:\Thakur\July\Sage\Dataextrac\July\12\sgi196">
	</asset>
	<asset id="Ch09">
		<input_path value="d:\Thakur\July\Sage\Dataextrac\July\12\sgi196\sgi196_epub\01_Roy~Moodley_Chapter_09\oebps">
		<input_file value="09_Roy_Moodley_Chapter_09.xhtml">
		<input_css value="idGeneratedStyles.css">
		<outpur_path value="d:\Thakur\July\Sage\Dataextrac\July\12\sgi196">
	</asset>
	<asset id="Ch0">
		<input_path value="d:\Thakur\July\Sage\Dataextrac\July\12\sgi196\sgi196_epub\0_Roy~Moodley_Prelim_0\oebps">
		<input_file value="0_Roy_Moodley_Prelim_0.xhtml">
		<input_css value="idGeneratedStyles.css">
		<outpur_path value="d:\Thakur\July\Sage\Dataextrac\July\12\sgi196">
	</asset>
	<asset id="Ch10">
		<input_path value="d:\Thakur\July\Sage\Dataextrac\July\12\sgi196\sgi196_epub\01_Roy~Moodley_Chapter_10\oebps">
		<input_file value="10_Roy_Moodley_Chapter_10.xhtml">
		<input_css value="idGeneratedStyles.css">
		<outpur_path value="d:\Thakur\July\Sage\Dataextrac\July\12\sgi196">
	</asset>
	<asset id="Ch11">
		<input_path value="d:\Thakur\July\Sage\Dataextrac\July\12\sgi196\sgi196_epub\01_Roy~Moodley_Chapter_11\oebps">
		<input_file value="11_Roy_Moodley_Chapter_11.xhtml">
		<input_css value="idGeneratedStyles.css">
		<outpur_path value="d:\Thakur\July\Sage\Dataextrac\July\12\sgi196">
	</asset>
	<asset id="Ch12">
		<input_path value="d:\Thakur\July\Sage\Dataextrac\July\12\sgi196\sgi196_epub\01_Roy~Moodley_Chapter_12\oebps">
		<input_file value="12_Roy_Moodley_Chapter_12.xhtml">
		<input_css value="idGeneratedStyles.css">
		<outpur_path value="d:\Thakur\July\Sage\Dataextrac\July\12\sgi196">
	</asset>
	<asset id="Ch13">
		<input_path value="d:\Thakur\July\Sage\Dataextrac\July\12\sgi196\sgi196_epub\01_Roy~Moodley_Chapter_13\oebps">
		<input_file value="13_Roy_Moodley_Chapter_13.xhtml">
		<input_css value="idGeneratedStyles.css">
		<outpur_path value="d:\Thakur\July\Sage\Dataextrac\July\12\sgi196">
	</asset>
	<asset id="Ch14">
		<input_path value="d:\Thakur\July\Sage\Dataextrac\July\12\sgi196\sgi196_epub\01_Roy~Moodley_Chapter_14\oebps">
		<input_file value="14_Roy_Moodley_Chapter_14.xhtml">
		<input_css value="idGeneratedStyles.css">
		<outpur_path value="d:\Thakur\July\Sage\Dataextrac\July\12\sgi196">
	</asset>
	<asset id="Ch15">
		<input_path value="d:\Thakur\July\Sage\Dataextrac\July\12\sgi196\sgi196_epub\01_Roy~Moodley_Chapter_15\oebps">
		<input_file value="15_Roy_Moodley_Chapter_15.xhtml">
		<input_css value="idGeneratedStyles.css">
		<outpur_path value="d:\Thakur\July\Sage\Dataextrac\July\12\sgi196">
	</asset>
	<asset id="Ch16">
		<input_path value="d:\Thakur\July\Sage\Dataextrac\July\12\sgi196\sgi196_epub\01_Roy~Moodley_Chapter_16\oebps">
		<input_file value="16_Roy_Moodley_Chapter_16.xhtml">
		<input_css value="idGeneratedStyles.css">
		<outpur_path value="d:\Thakur\July\Sage\Dataextrac\July\12\sgi196">
	</asset>
	<asset id="Ch17">
		<input_path value="d:\Thakur\July\Sage\Dataextrac\July\12\sgi196\sgi196_epub\01_Roy~Moodley_Chapter_17\oebps">
		<input_file value="17_Roy_Moodley_Chapter_17.xhtml">
		<input_css value="idGeneratedStyles.css">
		<outpur_path value="d:\Thakur\July\Sage\Dataextrac\July\12\sgi196">
	</asset>
	<asset id="Ch18">
		<input_path value="d:\Thakur\July\Sage\Dataextrac\July\12\sgi196\sgi196_epub\01_Roy~Moodley_Chapter_18\oebps">
		<input_file value="18_Roy_Moodley_Chapter_18.xhtml">
		<input_css value="idGeneratedStyles.css">
		<outpur_path value="d:\Thakur\July\Sage\Dataextrac\July\12\sgi196">
	</asset>
	<asset id="Ch19">
		<input_path value="d:\Thakur\July\Sage\Dataextrac\July\12\sgi196\sgi196_epub\01_Roy~Moodley_Chapter_19\oebps">
		<input_file value="19_Roy_Moodley_Chapter_19.xhtml">
		<input_css value="idGeneratedStyles.css">
		<outpur_path value="d:\Thakur\July\Sage\Dataextrac\July\12\sgi196">
	</asset>
	<asset id="Ch20">
		<input_path value="d:\Thakur\July\Sage\Dataextrac\July\12\sgi196\sgi196_epub\01_Roy~Moodley_Chapter_20\oebps">
		<input_file value="20_Roy_Moodley_Chapter_20.xhtml">
		<input_css value="idGeneratedStyles.css">
		<outpur_path value="d:\Thakur\July\Sage\Dataextrac\July\12\sgi196">
	</asset>
	<asset id="Ch21">
		<input_path value="d:\Thakur\July\Sage\Dataextrac\July\12\sgi196\sgi196_epub\01_Roy~Moodley_Chapter_21\oebps">
		<input_file value="21_Roy_Moodley_Chapter_21.xhtml">
		<input_css value="idGeneratedStyles.css">
		<outpur_path value="d:\Thakur\July\Sage\Dataextrac\July\12\sgi196">
	</asset>
	<asset id="Ch22">
		<input_path value="d:\Thakur\July\Sage\Dataextrac\July\12\sgi196\sgi196_epub\01_Roy~Moodley_Chapter_22\oebps">
		<input_file value="22_Roy_Moodley_Chapter_22.xhtml">
		<input_css value="idGeneratedStyles.css">
		<outpur_path value="d:\Thakur\July\Sage\Dataextrac\July\12\sgi196">
	</asset>
	<asset id="Ch23">
		<input_path value="d:\Thakur\July\Sage\Dataextrac\July\12\sgi196\sgi196_epub\01_Roy~Moodley_Chapter_23\oebps">
		<input_file value="23_Roy_Moodley_Chapter_23.xhtml">
		<input_css value="idGeneratedStyles.css">
		<outpur_path value="d:\Thakur\July\Sage\Dataextrac\July\12\sgi196">
	</asset>
	<asset id="Ch24">
		<input_path value="d:\Thakur\July\Sage\Dataextrac\July\12\sgi196\sgi196_epub\01_Roy~Moodley_Chapter_24\oebps">
		<input_file value="24_Roy_Moodley_Chapter_24.xhtml">
		<input_css value="idGeneratedStyles.css">
		<outpur_path value="d:\Thakur\July\Sage\Dataextrac\July\12\sgi196">
	</asset>
	<asset id="Ch25">
		<input_path value="d:\Thakur\July\Sage\Dataextrac\July\12\sgi196\sgi196_epub\01_Roy~Moodley_Chapter_25\oebps">
		<input_file value="25_Roy_Moodley_Chapter_25.xhtml">
		<input_css value="idGeneratedStyles.css">
		<outpur_path value="d:\Thakur\July\Sage\Dataextrac\July\12\sgi196">
	</asset>
	<asset id="Ch26">
		<input_path value="d:\Thakur\July\Sage\Dataextrac\July\12\sgi196\sgi196_epub\01_Roy~Moodley_Chapter_26\oebps">
		<input_file value="26_Roy_Moodley_Chapter_26.xhtml">
		<input_css value="idGeneratedStyles.css">
		<outpur_path value="d:\Thakur\July\Sage\Dataextrac\July\12\sgi196">
	</asset>
	<asset id="Ch27">
		<input_path value="d:\Thakur\July\Sage\Dataextrac\July\12\sgi196\sgi196_epub\01_Roy~Moodley_Chapter_27\oebps">
		<input_file value="27_Roy_Moodley_Chapter_27.xhtml">
		<input_css value="idGeneratedStyles.css">
		<outpur_path value="d:\Thakur\July\Sage\Dataextrac\July\12\sgi196">
	</asset>
	<asset id="Ch28">
		<input_path value="d:\Thakur\July\Sage\Dataextrac\July\12\sgi196\sgi196_epub\28_Roy~Moodley_Editor&Contributers_28\oebps">
		<input_file value="28_Roy_Moodley_Editor&Contributers_28.xhtml">
		<input_css value="idGeneratedStyles.css">
		<outpur_path value="d:\Thakur\July\Sage\Dataextrac\July\12\sgi196">
	</asset>
	<asset id="Ch29">
		<input_path value="d:\Thakur\July\Sage\Dataextrac\July\12\sgi196\sgi196_epub\29_Roy~Moodley_Index_29\oebps">
		<input_file value="29_Roy_Moodley_Index_29.xhtml">
		<input_css value="idGeneratedStyles.css">
		<outpur_path value="d:\Thakur\July\Sage\Dataextrac\July\12\sgi196">
	</asset>

</ePub>