<encryption xmlns="urn:oasis:names:tc:opendocument:xmlns:container" xmlns:enc="http://www.w3.org/2001/04/xmlenc#">
	<enc:EncryptedData>
		<enc:EncryptionMethod Algorithm="http://www.idpf.org/2008/embedding" />
		<enc:CipherData>
			<enc:CipherReference URI="OEBPS/font/HelveticaNeue-CondensedBold.dfont" />
		</enc:CipherData>
	</enc:EncryptedData>
	<enc:EncryptedData>
		<enc:EncryptionMethod Algorithm="http://www.idpf.org/2008/embedding" />
		<enc:CipherData>
			<enc:CipherReference URI="OEBPS/font/MinionPro-Regular.otf" />
		</enc:CipherData>
	</enc:EncryptedData>
</encryption>
